Caseid,URL,Case Name,Outcome
2020scc16,https://www.canlii.org/en/ca/scc/doc/2020/2020scc16/2020scc16.html,Uber Technologies Inc. v. Heller,Independent Contractor (Arbitration Clause Invalid)
2020scc26,https://www.canlii.org/en/ca/scc/doc/2020/2020scc26/2020scc26.html,Matthews v. Ocean Nutrition Canada Ltd.,Employee (Bonus Entitlement)
2020onca391,https://www.canlii.org/en/on/onca/doc/2020/2020onca391/2020onca391.html,Waksdale v. Swegon North America Inc.,Employee (Termination Clause Void)
2019onca512,https://www.canlii.org/en/on/onca/doc/2019/2019onca512/2019onca512.html,Dawe v. The Equitable Life Insurance Company,Employee (Notice Period)
2017onca402,https://www.canlii.org/en/on/onca/doc/2017/2017onca402/2017onca402.html,Brake v. PJ-M2R Restaurant Inc.,Employee (Mitigation)
2016onca79,https://www.canlii.org/en/on/onca/doc/2016/2016onca79/2016onca79.html,Keenan v. Canac Kitchens Ltd.,Dependent Contractor
2009onca916,https://www.canlii.org/en/on/onca/doc/2009/2009onca916/2009onca916.html,McKee v. Reid's Heritage Homes Ltd.,Employee vs Contractor
2001scc59,https://www.canlii.org/en/ca/scc/doc/2001/2001scc59/2001scc59.html,671122 Ontario Ltd. v. Sagaz Industries Canada Inc.,Independent Contractor (Leading Case)
2024onca55,https://www.canlii.org/en/on/onca/doc/2024/2024onca55/2024onca55.html,D'Souza v. 123 Corp,Unknown
